{
  "observation.state": {
    "min": [
      -76.792,
      0.223,
      -102.182,
      -14.156,
      -27.836,
      -5.15,
      0.0
    ],
    "max": [
      21.012,
      121.41,
      0.456,
      13.241,
      53.121,
      26.003,
      54.11
    ],
    "mean": [
      -12.63417681159418,
      56.88618260869606,
      -44.82028260869564,
      0.154207246376814,
      10.100699999999991,
      10.227805797101372,
      10.05189855072467
    ],
    "std": [
      28.742990818895617,
      46.818472193172454,
      37.60485934329254,
      4.993377498503012,
      14.289434419335613,
      2.8131691551733184,
      15.443548196197044
    ]
  },
  "action": {
    "min": [
      -14.649999999999999,
      -28.122000000000007,
      -35.523,
      -6.9079999999999995,
      -39.506,
      -2.5909999999999993,
      -0.2289
    ],
    "max": [
      11.361,
      50.198,
      40.964000000000006,
      9.531,
      16.528,
      3.3739999999999997,
      0.3185
    ],
    "mean": [
      0.0034840579710144976,
      -0.005228985507246371,
      0.0008043478260869529,
      -0.003724637681159437,
      0.004501449275362306,
      0.00930144927536232,
      -1.6593007161517286e-19
    ],
    "std": [
      0.8229362279381657,
      0.800448647585038,
      0.6698541941574822,
      0.3732955694173311,
      0.6464534735587416,
      0.11890147729211471,
      0.008845470469459889
    ]
  }
}